STORE,STORE CODE,DATE,ORDER #,RECEIPT#,AMOUNT OF RECEIPTS,BALANCE OUTSTANDING,DELIVERY DATE,COMM YES/NO,PRODUCT CODE,HEAD+BASE,HEAD+BASE + FRAME,COMPLETE,COLOR,DIRECT Y/N,PHOTO grnte/prpxs,WALL INCLUDED,COMMENTS
LICHTENBURG,LTX0000,29/12/24,867,2014,2000,5450,16/02/24,YES,TRE041,N/A,N/A,X,B,NO,NO,YES,
LICHTENBURG,LTX0000,29/12/24,909,2015,200,0,20/02/24,YES,TRE041,N/A,N/A,X,B,NO,NO,YES,
LICHTENBURG,LTX0000,30/01/24,809,2016,1000,0,N/A,YES,TRE041,N/A,X,N/A,B,NO,P,NO,
LICHTENBURG,LTX0000,02/01/24,733,2017,500,1000,N/A,YES,TRS046,N/A,X,N/A,B,NO,NO,NO,
LICHTENBURG,LTX0000,02/01/24,1001,2018,2000,6300,14/02/24,YES,OWN DESIGN,N/A,N/A,X,B,NO,NO,NO,
LICHTENBURG,LTX0000,02/01/24,1002,2019,19400,0,05/03/24,YES,TRE041,N/A,N/A,X,B,NO,NO,YES,
LICHTENBURG,LTX0000,03/01/24,1003,2020,10000,7400,16/01/24,YES,TRE041,N/A,N/A,X,B,YES,NO,YES,
LICHTENBURG,LTX0000,04/01/24,995,2021,3000,1650,25/03/24,YES,TRS061,N/A,X,N/A,B,NO,NO,NO,
LICHTENBURG,LTX0000,04/01/24,856,2022,2100,4880,N/A,YES,TRS056,N/A,N/A,X,B,NO,NO,NO,
LICHTENBURG,LTX0000,04/01/24,1004,2023,1000,3900,22/03/24,YES,TRS046,N/A,X,N/A,B,NO,NO,NO,
LICHTENBURG,LTX0000,04/01/24,960,2024,1000,0,N/A,YES,TRB015,N/A,X,N/A,B,NO,NO,NO,
LICHTENBURG,LTX0000,04/01/24,1005,2025,4500,0,08/02/24,YES,TRB006,N/A,X,N/A,B,NO,NO,NO,
LICHTENBURG,LTX0000,05/01/24,997,2026,1320,2655,N/A,YES,TRD006,X,N/A,N/A,B,NO,NO,NO,
LICHTENBURG,LTX0000,05/01/24,1006,2027,500,4000,20/03/24,YES,TRB015,N/A,X,N/A,B,NO,NO,NO,
LICHTENBURG,LTX0000,05/01/24,1003,2028,7400,0,06/01/24,YES,TRE004,N/A,N/A,X,B,YES,NO,YES,
LICHTENBURG,LTX0000,08/01/24,789,2029,500,1200,N/A,YES,TRB015,N/A,N/A,X,B,YES,NO,YES,
LICHTENBURG,LTX0000,09/01/24,1720,2030,400,3200,26/04/24,YES,TRB015,N/A,X,N/A,B,NO,NO,YES,
LICHTENBURG,LTX0000,09/01/24,743,2031,2000,0,21/02/24,YES,TRS004,N/A,N/A,X,B,NO,NO,YES,
LICHTENBURG,LTX0000,10/01/24,1007,2032,9000,2800,29/02/24,YES,TRS039,N/A,N/A,X,B,NO,NO,YES,
LICHTENBURG,LTX0000,10/01/24,1007,2033,2800,0,29/02/24,YES,TRS039,N/A,N/A,X,B,NO,NO,YES,
LICHTENBURG,LTX0000,10/01/24,976,2034,1500,8000,N/A,YES,TRE041,N/A,N/A,X,B,NO,NO,YES,
LICHTENBURG,LTX0000,10/01/24,1008,2035,5650,0,13/01/24,YES,TRS004,N/A,X,N/A,B,YES,NO,NO,
LICHTENBURG,LTX0000,11/01/24,1009,2036,11500,0,26/02/24,YES,TRE041,N/A,N/A,X,B,NO,NO,YES,
LICHTENBURG,LTX0000,11/01/24,1010,2037,2000,2500,13/01/24,YES,TRB015,N/A,X,N/A,B,NO,NO,NO,
LICHTENBURG,LTX0000,12/01/24,1010,2038,2500,0,13/01/24,YES,TRB015,N/A,X,N/A,B,NO,NO,NO,
LICHTENBURG,LTX0000,12/01/24,1011,2039,1000,8000,14/01/24,YES,TRB006,N/A,X,N/A,B,NO,NO,NO,
LICHTENBURG,LTX0000,15/01/24,1012,2040,5300,0,13/02/24,YES,SLAB ONLY,N/A,N/A,N/A,B,NO,NO,YES,
LICHTENBURG,LTX0000,15/01/24,1013,2041,4500,0,20/02/24,YES,TRB004,N/A,X,N/A,B,NO,NO,NO,
LICHTENBURG,LTX0000,15/01/24,1014,2042,1000,17400,16/05/24,YES,TRS004,N/A,X,N/A,B,NO,NO,NO,
LICHTENBURG,LTX0000,15/01/24,1015,2043,6000,5500,14/05/24,YES,TRE041,N/A,N/A,X,B,NO,NO,YES,
LICHTENBURG,LTX0000,16/01/24,1015,2044,5500,0,14/05/24,YES,TRE041,N/A,N/A,X,B,NO,NO,YES,
LICHTENBURG,LTX0000,19/01/24,1016,2045,11500,0,20/01/24,YES,TRE041,N/A,N/A,X,B,YES,NO,YES,
LICHTENBURG,LTX0000,22/01/24,1017,2046,5000,5650,20/03/24,YES,TRE041,N/A,N/A,X,B,NO,NO,NO,
LICHTENBURG,LTX0000,22/01/24,1018,2047,5650,0,20/03/24,YES,TRS061,N/A,X,N/A,B,NO,NO,NO,
LICHTENBURG,LTX0000,22/01/24,904,2048,500,0,31/01/24,YES,TRB004,N/A,X,N/A,B,NO,NO,NO,
LICHTENBURG,LTX0000,24/01/24,1019,2049,8900,0,27/01/24,YES,TRS046,N/A,N/A,X,B,NO,NO,NO,
LICHTENBURG,LTX0000,24/01/24,904,2050,500,0,31/01/24,YES,TRB004,N/A,X,N/A,B,NO,NO,NO,
LICHTENBURG,LTX0000,25/01/24,1020,2051,6300,0,27/01/24,YES,TRB004,N/A,X,N/A,B,YES,NO,YES,
LICHTENBURG,LTX0000,26/01/24,998,2052,2000,2800,13/02/24,YES,OWN DESIGN,N/A,N/A,X,B,NO,NO,NO,
LICHTENBURG,LTX0000,26/01/24,810,2053,5000,5400,21/02/24,YES,TRE004,N/A,N/A,X,B,NO,P,YES,
LICHTENBURG,LTX0000,26/01/24,514,2054,1000,3500,14/03/24,YES,TRE041,N/A,N/A,X,B,NO,NO,YES,
LICHTENBURG,LTX0000,26/01/24,514,2055,1000,2500,14/03/24,YES,TRE041,N/A,N/A,X,B,NO,NO,YES,
LICHTENBURG,LTX0000,29/01/24,1021,2056,5000,4700,10/05/24,YES,TRE041,N/A,N/A,X,B,NO,NO,NO,
LICHTENBURG,LTX0000,29/01/24,793,2057,1800,0,07/03/24,YES,TRE041,N/A,X,N/A,B,NO,NO,YES,
LICHTENBURG,LTX0000,30/01/24,733,2059,1000,0,02/04/24,YES,TRS046,N/A,X,N/A,B,NO,NO,NO,
LICHTENBURG,LTX0000,30/01/24,1022,2060,6000,0,03/02/24,YES,TRS046,N/A,X,N/A,B,YES,NO,NO,
LICHTENBURG,LTX0000,30/01/24,1023,2061,9000,11100,N/A,YES,TRS046,N/A,X,N/A,B,NO,NO,YES,RECEPT NO 2058 WAS SKIPPED BY MISTAKE
LICHTENBURG,LTX0000,31/01/24,1024,2062,1690,12000,17/05/24,YES,TRB015,N/A,X,N/A,B,NO,NO,NO,
LICHTENBURG,LTX0000,31/01/24,867,2063,1000,3950,16/02/24,YES,TRE041,N/A,N/A,X,B,NO,NO,YES,
LICHTENBURG,LTX0000,31/01/24,1025,2064,8900,1900,03/02/24,YES,TRS045,N/A,N/A,X,B,YES,NO,NO,
LICHTENBURG,LTX0000,02/02/24,969,2065,4300,0,29/02/24,YES,TRB006,N/A,X,N/A,B,NO,NO,YES,
LICHTENBURG,LTX0000,02/02/24,1001,2066,2000,4300,14/02/24,YES,OWN DESIGN,N/A,N/A,X,B,NO,NO,NO,
LICHTENBURG,LTX0000,02/02/24,997,2067,1320,1335,16/02/24,YES,TRD006,X,N/A,N/A,B,NO,NO,NO,
LICHTENBURG,LTX0000,02/02/24,993,2068,1000,13800,N/A,YES,TRS045,N/A,N/A,X,B,NO,NO,NO,
LICHTENBURG,LTX0000,02/02/24,1720,2069,600,2600,02/04/24,YES,TRB004,N/A,X,N/A,B,YES,NO,YES,
LICHTENBURG,LTX0000,02/02/24,789,2070,400,800,03/05/24,YES,TRB015,N/A,N/A,X,B,YES,NO,YES,
LICHTENBURG,LTX0000,02/02/24,790,2071,750,750,03/05/24,YES,TRS050,N/A,N/A,X,B,NO,NO,NO,
LICHTENBURG,LTX0000,02/02/24,1027,2072,1000,3500,06/05/24,YES,TRB006,N/A,X,N/A,B,NO,NO,NO,
LICHTENBURG,LTX0000,02/02/24,1015,2073,1900,0,03/02/24,YES,TRE041,N/A,N/A,X,B,NO,NO,NO,
LICHTENBURG,LTX0000,03/02/24,1026,2074,6000,2350,28/03/24,YES,TRS047,N/A,N/A,X,B,NO,NO,NO,
LICHTENBURG,LTX0000,03/02/24,1028,2075,6380,0,13/03/24,YES,TRB013,N/A,X,N/A,B,NO,NO,NO,
LICHTENBURG,LTX0000,05/02/24,882,2076,1000,2000,N/A,YES,TRE041,X,N/A,N/A,B,NO,NO,NO,
LICHTENBURG,LTX0000,05/02/24,1032,2077,1000,3500,N/A,YES,SLAB ONLY,N/A,N/A,N/A,B,NO,NO,YES,
LICHTENBURG,LTX0000,05/02/24,1004,2078,3800,0,N/A,YES,TRS046,N/A,X,N/A,B,NO,NO,NO,
LICHTENBURG,LTX0000,05/02/24,1029,2079,1000,2900,N/A,YES,TRC001,N/A,X,N/A,B,NO,NO,NO,
LICHTENBURG,LTX0000,06/02/24,1030,2080,3000,8000,31/05/24,YES,TRE004,N/A,N/A,X,B,NO,NO,NO,
LICHTENBURG,LTX0000,06/02/24,1032,2081,2000,5900,24/05/24,YES,SLAB ONLY,N/A,N/A,N/A,B,NO,NO,YES,
LICHTENBURG,LTX0000,07/02/24,1033,2082,4980,0,06/05/24,YES,TRB015,N/A,X,N/A,B,YES,NO,NO,
LICHTENBURG,LTX0000,07/02/24,1034,2083,2000,4000,06/05/24,YES,TRB015,N/A,X,N/A,B,NO,NO,NO,
LICHTENBURG,LTX0000,07/02/24,992,2084,1000,4300,N/A,YES,TRB008,N/A,N/A,X,B,NO,NO,NO,
LICHTENBURG,LTX0000,09/02/24,966,2085,2800,0,28/02/24,YES,TRB015,N/A,X,N/A,B,NO,NO,NO,
LICHTENBURG,LTX0000,10/02/24,934,2086,2500,4900,N/A,YES,TRE004,N/A,N/A,X,B,NO,NO,YES,
LICHTENBURG,LTX0000,12/02/24,1002,2087,190,0,N/A,YES,TRE041,N/A,N/A,X,B,NO,NO,YES,
LICHTENBURG,LTX0000,12/02/24,995,2088,1650,0,N/A,YES,TRS061,N/A,X,N/A,B,NO,NO,NO,
LICHTENBURG,LTX0000,13/02/24,1017,2089,5650,0,N/A,YES,TRE041,N/A,N/A,X,B,NO,NO,NO,
LICHTENBURG,LTX0000,14/02/24,1035,2090,4000,0,17/02/24,YES,TRS061,X,N/A,N/A,B,YES,NO,NO,
LICHTENBURG,LTX0000,17/02/24,1036,2091,1000,9660,N/A,NO,TRS009,N/A,N/A,X,B,NO,G,NO,
LICHTENBURG,LTX0000,20/02/24,976,2092,1500,6500,N/A,YES,TRE041,N/A,N/A,X,B,NO,NO,NO,
LICHTENBURG,LTX0000,24/02/24,947,2093,6000,0,12/03/24,YES,TRE045,N/A,N/A,X,B,NO,NO,YES,
LICHTENBURG,LTX0000,24/02/24,514,2094,1000,1500,N/A,YES,TRE041,N/A,N/A,X,B,NO,NO,YES,
LICHTENBURG,LTX0000,24/02/24,769,2095,2500,9700,N/A,YES,TRB008,N/A,N/A,X,B,NO,NO,NO,
LICHTENBURG,LTX0000,26/02/24,1023,2096,1300,9800,N/A,YES,TRS046,N/A,X,N/A,B,NO,NO,YES,
LICHTENBURG,LTX0000,27/02/24,1037,2097,5650,0,N/A,YES,TRS061,N/A,X,N/A,B,NO,NO,NO,
LICHTENBURG,LTX0000,27/02/24,1038,2098,4500,0,N/A,YES,TRB015,N/A,X,N/A,B,NO,NO,NO,
LICHTENBURG,LTX0000,27/02/24,1039,2099,13500,0,N/A,YES,TRB013,N/A,X,N/A,B,NO,NO,NO,
LICHTENBURG,LTX0000,27/02/24,1040,2100,4650,0,02/03/24,YES,TRE041,X,N/A,N/A,B,YES,NO,NO,
LICHTENBURG,LTX0000,27/02/24,1034,2101,1500,2500,N/A,YES,TRB015,N/A,X,N/A,B,NO,NO,NO,
LICHTENBURG,LTX0000,29/02/24,1041,2102,1000,5000,N/A,YES,TRB015,N/A,X,N/A,B,NO,NO,NO,
LICHTENBURG,LTX0000,05/03/24,1047,2121,32100,0,22/03/24,YES,TRB004,N/A,X,N/A,B,NO,NO,NO,QUERY WITH NOMSA.
LICHTENBURG,LTX0000,06/03/24,878,2122,500,1500,22/04/24,YES,TRB004,N/A,X,N/A,B,NO,NO,NO,
LICHTENBURG,LTX0000,06/03/24,1048,2123,3000,3000,06/05/24,YES,TRB004,N/A,X,N/A,B,NO,NO,NO,
LICHTENBURG,LTX0000,06/03/24,1049,2124,4500,0,03/04/24,YES,TRB004,N/A,X,N/A,B,NO,NO,NO,
LICHTENBURG,LTX0000,06/03/24,1023,2125,1500,2800,17/05/24,YES,TRS046,N/A,X,N/A,B,NO,NO,YES,
LICHTENBURG,LTX0000,07/03/24,1004,2126,1500,1400,22/03/24,YES,TRS046,N/A,X,N/A,B,NO,NO,NO,
LICHTENBURG,LTX0000,07/03/24,1054,2027,7500,3050,09/05/24,YES,TRE041,N/A,N/A,X,B,NO,NO,NO,
LICHTENBURG,LTX0000,08/03/24,1024,2128,1200,10800,N/A,YES,TRB015,N/A,X,N/A,B,NO,NO,NO,
LICHTENBURG,LTX0000,08/03/24,1054,2129,8000,0,05/04/24,YES,TRE041,N/A,N/A,X,B,NO,NO,NO,
LICHTENBURG,LTX0000,08/03/24,431,2130,3500,0,N/A,YES,TRB015,N/A,X,N/A,B,NO,NO,NO,
LICHTENBURG,LTX0000,11/03/24,856,2131,1300,3580,N/A,YES,TRS056,N/A,N/A,X,B,NO,NO,NO,
LICHTENBURG,LTX0000,12/03/24,1052,2132,4500,7000,31/05/24,YES,TRE041,N/A,N/A,X,B,NO,NO,YES,
LICHTENBURG,LTX0000,13/03/24,952,2133,2000,10800,N/A,YES,TRS041,X,N/A,N/A,B,NO,NO,NO,
LICHTENBURG,LTX0000,13/03/24,1053,2134,1000,10500,16/03/24,YES,TRE041,N/A,N/A,X,B,YES,NO,YES,
LICHTENBURG,LTX0000,14/03/24,1054,2135,10000,28800,20/06/24,YES,TRE041,N/A,N/A,X,B,NO,NO,NO,
LICHTENBURG,LTX0000,14/03/24,1053,2136,10500,0,16/03/24,YES,TRE041,N/A,N/A,X,B,YES,NO,YES,
LICHTENBURG,LTX0000,14/03/24,1023,2137,1000,1800,N/A,YES,TRS046,N/A,X,N/A,B,NO,NO,NO,
LICHTENBURG,LTX0000,14/03/24,976,2138,1500,5000,N/A,YES,TRE041,N/A,N/A,X,B,NO,NO,NO,
LICHTENBURG,LTX0000,15/03/24,1055,2139,2000,2800,N/A,YES,TRB015,N/A,X,N/A,B,NO,NO,NO,
LICHTENBURG,LTX0000,16/03/24,1056,2140,3000,13000,N/A,YES,TRE004,N/A,N/A,X,B,NO,NO,YES,
LICHTENBURG,LTX0000,16/03/24,1023,2141,800,1000,N/A,YES,TRS046,N/A,X,N/A,B,NO,NO,NO,
LICHTENBURG,LTX0000,20/03/24,1057,2142,4500,0,23/03/24,YES,TRB002,N/A,X,N/A,B,YES,NO,NO,
LICHTENBURG,LTX0000,22/03/24,1056,2143,13000,0,N/A,YES,TRE004,N/A,N/A,X,B,NO,NO,YES,
LICHTENBURG,LTX0000,22/03/24,1058,2144,21000,0,15/05/24,YES,TRB004,N/A,X,N/A,B,NO,NO,NO,
LICHTENBURG,LTX0000,22/03/24,1059,2145,3650,2000,N/A,YES,TRS061,N/A,X,N/A,B,NO,NO,NO,
LICHTENBURG,LTX0000,22/03/24,1050,2146,3050,0,14/03/24,YES,TRE041,N/A,N/A,X,B,NO,NO,YES,
LICHTENBURG,LTX0000,25/03/24,1059,2147,2000,0,N/A,YES,TRS061,N/A,X,N/A,B,NO,NO,NO,
LICHTENBURG,LTX0000,25/03/24,1060,2148,13230,0,23/04/24,YES,TRE041,N/A,N/A,X,B,NO,G,YES,
LICHTENBURG,LTX0000,26/03/24,1061,2149,5000,25000,30/03/24,YES,TRE045,N/A,N/A,X,B,YES,NO,YES,
LICHTENBURG,LTX0000,27/03/24,1062,2150,11500,0,N/A,YES,TRE041,N/A,N/A,X,B,NO,NO,YES,
LICHTENBURG,LTX0000,27/03/24,869,2151,600,0,22/05/24,YES,TRB015,N/A,X,N/A,B,NO,NO,NO,
LICHTENBURG,LTX0000,28/03/24,810,2152,5400,0,02/05/24,YES,TRE004,N/A,N/A,X,B,NO,NO,YES,
LICHTENBURG,LTX0000,28/03/24,1061,2153,25000,0,25/06/24,YES,TRE045,N/A,X,N/A,B,YES,NO,YES,
LICHTENBURG,LTX0000,28/03/24,1063,2155,1000,3500,17/05/24,YES,TRB004,N/A,N/A,X,B,NO,NO,YES,RECEIPT NO 2154 WAS CANCELED
LICHTENBURG,LTX0000,30/03/24,1041,2156,1000,4000,N/A,NO,TRE041,N/A,X,N/A,B,NO,NO,YES,
LICHTENBURG,LTX0000,30/03/24,1083,2157,7760,0,26/04/24,NO,TRE041,X,N/A,N/A,B,NO,NO,NO,
LICHTENBURG,LTX0000,30/03/24,1027,2158,1000,2500,N/A,NO,TRB006,N/A,X,N/A,B,NO,NO,NO,
LICHTENBURG,LTX0000,02/04/24,882,2159,500,1000,N/A,YES,TRE041,X,N/A,N/A,B,NO,NO,NO,
LICHTENBURG,LTX0000,02/04/24,1064,2160,10900,0,25/04/24,YES,TRE041,N/A,N/A,X,B,NO,NO,NO,
LICHTENBURG,LTX0000,03/04/24,926,2161,16800,0,N/A,YES,TRE031,N/A,N/A,X,B,NO,NO,NO,
LICHTENBURG,LTX0000,03/04/24,1054,2162,1000,27800,N/A,YES,TRE041,N/A,N/A,X,B,NO,NO,NO,
LICHTENBURG,LTX0000,04/04/24,1065,2163,4500,0,06/04/24,YES,TRB015,N/A,X,N/A,B,YES,NO,NO,
LICHTENBURG,LTX0000,04/04/24,1024,2164,1200,9600,30/05/24,YES,TRB015,N/A,X,N/A,B,NO,NO,NO,
LICHTENBURG,LTX0000,04/04/24,1034,2165,600,3900,N/A,YES,TRB015,N/A,X,N/A,B,NO,NO,NO,
LICHTENBURG,LTX0000,04/04/24,1066,2166,3000,5900,22/05/24,YES,TRS,N/A,N/A,X,B,NO,NO,NO,
LICHTENBURG,LTX0000,04/04/24,1032,2167,1000,4900,N/A,YES,SLAB ONLY,N/A,N/A,N/A,B,NO,NO,YES,
LICHTENBURG,LTX0000,04/04/24,1004,2168,500,900,N/A,YES,TRS046,N/A,X,N/A,B,NO,NO,NO,
LICHTENBURG,LTX0000,04/04/24,878,2169,1000,500,22/04/24,YES,TRB004,N/A,X,N/A,B,NO,NO,NO,
LICHTENBURG,LTX0000,05/04/24,1067,2170,3000,1500,22/05/24,YES,NO ENTRY,NO ENTRY,NO ENTRY,NO ENTRY,NO ENTRY,NO ENTRY,NO ENTRY,NO ENTRY,
LICHTENBURG,LTX0000,05/04/24,1001,2171,2300,2000,24/05/24,YES,OWN DESIGN,N/A,N/A,X,B,NO,NO,NO,
LICHTENBURG,LTX0000,05/04/24,1027,2172,1000,15000,06/05/24,YES,TRB006,N/A,X,N/A,B,NO,NO,NO,
LICHTENBURG,LTX0000,06/04/24,1068,2173,1700,7300,22/05/24,YES,TRB002,N/A,X,N/A,B,NO,NO,NO,
LICHTENBURG,LTX0000,06/04/24,1069,2174,1900,1000,03/05/24,YES,TRC002,X,N/A,N/A,B,NO,NO,NO,
LICHTENBURG,LTX0000,06/04/24,1070,2175,2000,2500,03/06/24,YES,TRB004,N/A,X,N/A,B,NO,NO,NO,
LICHTENBURG,LTX0000,08/04/24,1071,2176,4500,0,14/05/24,YES,TRB015,N/A,X,N/A,B,NO,NO,NO,
LICHTENBURG,LTX0000,08/04/24,1006,2177,1500,2500,N/A,YES,TRB015,N/A,X,N/A,B,NO,NO,NO,
LICHTENBURG,LTX0000,08/04/24,1052,2178,7000,0,31/05/24,YES,TRE041,N/A,N/A,X,B,NO,NO,YES,
LICHTENBURG,LTX0000,08/04/24,1048,2179,2000,1000,N/A,YES,TRB004,N/A,X,N/A,B,NO,NO,NO,
LICHTENBURG,LTX0000,09/04/24,789,2180,400,0,31/05/24,YES,TRB015,N/A,N/A,X,B,YES,NO,YES,
LICHTENBURG,LTX0000,09/04/24,1001,2181,2000,0,N/A,YES,OWN DESIGN,N/A,N/A,X,B,NO,NO,NO,
LICHTENBURG,LTX0000,09/04/24,1022,2182,5000,5100,N/A,YES,TRE041,N/A,X,N/A,B,YES,NO,NO,
LICHTENBURG,LTX0000,09/04/24,1720,2183,500,1600,N/A,YES,TRB004,N/A,X,N/A,B,YES,NO,YES,
LICHTENBURG,LTX0000,09/04/24,976,2184,1800,3200,N/A,YES,TRE041,N/A,N/A,X,B,NO,NO,YES,
LICHTENBURG,LTX0000,09/04/24,743,2185,1800,0,02/05/24,YES,TRS004,N/A,N/A,X,B,NO,NO,YES,
LICHTENBURG,LTX0000,09/04/24,1073,2186,15600,0,12/04/24,YES,TRE004,N/A,N/A,X,B,NO,NO,NO,
LICHTENBURG,LTX0000,10/04/24,1075,2187,11500,0,14/04/24,YES,TRE041,N/A,N/A,X,B,YES,NO,YES,
LICHTENBURG,LTX0000,10/04/24,1074,2188,8050,0,12/04/24,YES,TRS003,N/A,X,N/A,B,NO,P,YES,
LICHTENBURG,LTX0000,10/04/24,1076,2189,10800,0,13/04/24,YES,TRS061,N/A,N/A,X,B,YES,NO,YES,
LICHTENBURG,LTX0000,10/04/24,1023,2190,600,200,N/A,YES,TRE004,N/A,N/A,X,B,NO,NO,YES,
LICHTENBURG,LTX0000,11/04/24,1077,2191,9860,0,23/04/24,YES,TRS004,N/A,N/A,X,B,YES,NO,NO,
LICHTENBURG,LTX0000,11/04/24,856,2192,1600,1980,22/04/24,YES,TRS056,N/A,N/A,X,B,NO,NO,NO,
LICHTENBURG,LTX0000,12/04/24,934,2193,1000,900,N/A,YES,TRE004,N/A,N/A,X,B,NO,NO,YES,
LICHTENBURG,LTX0000,15/04/24,749,2194,1215,0,N/A,YES,TRB012,N/A,X,N/A,B,NO,NO,NO,
LICHTENBURG,LTX0000,15/04/24,1078,2195,1000,3900,N/A,YES,TRS046,N/A,X,N/A,B,NO,NO,NO,
LICHTENBURG,LTX0000,17/04/24,1070,2196,1200,1300,N/A,YES,TRB004,N/A,X,N/A,B,NO,NO,NO,
LICHTENBURG,LTX0000,17/04/24,1023,2197,200,0,N/A,YES,TRE004,N/A,N/A,X,B,NO,NO,YES,
LICHTENBURG,LTX0000,18/04/24,1079,2198,4500,0,20/04/24,YES,TRB015,N/A,X,N/A,B,YES,NO,NO,
LICHTENBURG,LTX0000,19/04/24,1080,2199,4900,0,20/04/24,YES,TRS046,N/A,X,N/A,B,YES,NO,NO,
LICHTENBURG,LTX0000,19/04/24,1068,2200,3000,4300,N/A,YES,TRB002,N/A,X,N/A,B,NO,NO,NO,
LICHTENBURG,LTX0000,20/04/24,1082,2201,2170,0,N/A,YES,TRB015,N/A,N/A,X,B,NO,NO,NO,
LICHTENBURG,LTX0000,20/04/24,514,2202,1500,0,N/A,YES,TRE041,N/A,N/A,X,B,NO,NO,YES,
LICHTENBURG,LTX0000,22/04/24,1031,2203,450,3050,N/A,YES,TRB004,N/A,X,N/A,B,NO,NO,NO,
LICHTENBURG,LTX0000,22/04/24,1054,2204,1000,26800,N/A,YES,TRE041,N/A,N/A,X,B,NO,NO,NO,
LICHTENBURG,LTX0000,24/04/24,1082,2205,1500,0,N/A,YES,TRB015,N/A,N/A,X,B,NO,NO,NO,
LICHTENBURG,LTX0000,24/04/24,862,2206,2500,3700,30/07/24,YES,TRC006,N/A,N/A,X,B,NO,NO,NO,
LICHTENBURG,LTX0000,25/04/24,1084,2207,1000,10500,N/A,YES,TRE041,N/A,N/A,X,B,NO,NO,YES,
LICHTENBURG,LTX0000,26/04/24,1054,2208,1000,25800,N/A,YES,TRE041,N/A,N/A,X,B,NO,NO,NO,
LICHTENBURG,LTX0000,29/04/24,1014,2209,15000,2400,N/A,YES,TRB004,N/A,X,N/A,B,NO,NO,NO,
LICHTENBURG,LTX0000,29/04/24,1085,2210,10700,0,04/05/24,YES,TRB050,N/A,N/A,X,B,YES,NO,YES,
LICHTENBURG,LTX0000,29/04/24,1086,2211,7500,0,22/05/24,YES,TRB004,N/A,X,N/A,B,NO,NO,NO,
LICHTENBURG,LTX0000,29/04/24,1087,2212,1000,7300,01/07/24,YES,TRB004,N/A,X,N/A,B,NO,NO,NO,
LICHTENBURG,LTX0000,30/04/24,878,2213,500,0,N/A,YES,TRB004,N/A,X,N/A,B,NO,NO,NO,
LICHTENBURG,LTX0000,30/04/24,1054,2214,1000,24800,N/A,YES,TRE041,N/A,N/A,X,B,NO,NO,NO,
LICHTENBURG,LTX0000,30/04/24,1014,2215,2400,0,16/05/24,YES,TRB004,N/A,X,N/A,B,NO,NO,NO,
LICHTENBURG,LTX0000,30/04/24,1088,2216,8000,3500,03/06/24,YES,TRE041,N/A,N/A,X,B,NO,NO,NO,
LICHTENBURG,LTX0000,30/04/24,906,2217,4000,0,09/05/24,YES,TRE041,N/A,N/A,X,B,NO,NO,NO,
LICHTENBURG,LTX0000,02/05/24,882,2218,1000,0,11/06/24,YES,TRE041,X,N/A,N/A,B,NO,NO,NO,
LICHTENBURG,LTX0000,03/05/24,1041,2219,1000,3000,N/A,YES,TRB004,N/A,N/A,X,B,NO,NO,YES,
LICHTENBURG,LTX0000,03/05/24,1089,2220,1500,7400,N/A,YES,TRB004,N/A,X,N/A,B,NO,NO,NO,
LICHTENBURG,LTX0000,03/05/24,1043,2221,500,3400,N/A,YES,TRB004,N/A,X,N/A,B,NO,NO,NO,
LICHTENBURG,LTX0000,04/05/24,1068,2222,1000,3300,N/A,YES,TRB002,N/A,X,N/A,B,NO,NO,NO,
LICHTENBURG,LTX0000,04/05/24,1088,2223,3500,0,16/05/24,YES,TRE041,N/A,N/A,X,B,NO,NO,YES,
LICHTENBURG,LTX0000,04/05/24,1090,2224,4500,4500,16/05/24,YES,TRB004,N/A,N/A,X,B,NO,NO,NO,
LICHTENBURG,LTX0000,06/05/24,1021,2225,2000,2700,11/06/24,YES,TRE041,N/A,N/A,X,B,NO,NO,NO,
LICHTENBURG,LTX0000,06/05/24,1032,2226,1000,3900,N/A,YES,SLAB ONLY,N/A,N/A,N/A,B,NO,NO,YES,
LICHTENBURG,LTX0000,06/05/24,1004,2227,900,0,N/A,YES,TRS046,N/A,X,N/A,B,NO,NO,NO,
LICHTENBURG,LTX0000,06/05/24,1046,2228,3500,1400,14/06/24,YES,TRS004,N/A,X,N/A,B,NO,NO,NO,
LICHTENBURG,LTX0000,06/05/24,1090,2229,4500,0,16/05/24,YES,TRB004,N/A,X,N/A,B,NO,NO,NO,
LICHTENBURG,LTX0000,06/05/24,1078,2230,1000,2900,N/A,YES,TRS046,N/A,X,N/A,B,NO,NO,NO,
LICHTENBURG,LTX0000,06/05/24,993,2231,500,12300,31/07/24,YES,TRS045,N/A,N/A,X,B,NO,NO,NO,
LICHTENBURG,LTX0000,06/05/24,856,2232,1980,0,26/06/24,YES,TRS056,N/A,N/A,X,B,NO,NO,NO,
LICHTENBURG,LTX0000,07/05/24,1091,2233,4500,0,11/05/24,YES,TRS004,N/A,X,N/A,B,YES,NO,NO,
LICHTENBURG,LTX0000,07/05/24,885,2234,1250,0,09/07/24,YES,OWN DESIGN,N/A,N/A,X,B,NO,NO,NO,
LICHTENBURG,LTX0000,07/05/24,885,2235,1000,0,09/07/24,YES,OWN DESIGN,N/A,N/A,X,B,NO,NO,NO,
LICHTENBURG,LTX0000,07/05/24,1720,2236,400,1200,21/06/24,YES,TRB004,N/A,X,N/A,B,YES,NO,YES,
LICHTENBURG,LTX0000,08/05/24,1092,2237,5180,0,11/05/24,YES,TRB015,N/A,X,N/A,B,YES,NO,NO,
LICHTENBURG,LTX0000,08/05/24,742,2238,3500,0,30/05/24,YES,TRB015,N/A,N/A,X,B,NO,NO,NO,
LICHTENBURG,LTX0000,08/05/24,1070,2239,1300,0,03/06/24,YES,TRB004,N/A,X,N/A,B,NO,NO,NO,
LICHTENBURG,LTX0000,08/05/24,1034,2240,1500,1000,N/A,YES,TRB015,N/A,X,N/A,B,NO,NO,NO,
LICHTENBURG,LTX0000,08/05/24,1027,2241,1000,500,N/A,YES,TRB006,N/A,X,N/A,B,NO,NO,NO,
LICHTENBURG,LTX0000,08/05/24,1067,2242,300,1200,N/A,YES,TRS004,N/A,X,N/A,B,NO,NO,NO,
LICHTENBURG,LTX0000,09/05/24,1093,2243,10700,0,11/05/24,YES,TRS050,N/A,N/A,X,B,YES,NO,YES,
LICHTENBURG,LTX0000,09/05/24,1038,2244,350,0,21/05/24,YES,TRB015,N/A,X,N/A,B,NO,NO,NO,
LICHTENBURG,LTX0000,09/05/24,862,2245,1000,2700,N/A,YES,TRE041,X,N/A,N/A,B,NO,NO,NO,
LICHTENBURG,LTX0000,09/05/24,976,2246,1200,2000,N/A,YES,TRE041,N/A,N/A,X,B,NO,NO,NO,
LICHTENBURG,LTX0000,14/05/24,1095,2247,4500,0,30/07/24,YES,TRB015,N/A,X,N/A,B,NO,NO,NO,
LICHTENBURG,LTX0000,14/05/24,1048,2248,1000,0,30/07/24,YES,TRB004,N/A,X,N/A,B,NO,NO,NO,
LICHTENBURG,LTX0000,14/05/24,1094,2249,21850,0,29/07/24,YES,TRE041,N/A,N/A,X,B,NO,NO,YES,
LICHTENBURG,LTX0000,15/05/24,1096,2250,63300,0,09/09/24,YES,TRE041,N/A,N/A,N/A,B,NO,NO,NO,
LICHTENBURG,LTX0000,15/05/24,1055,2251,1000,1800,N/A,YES,TRB015,N/A,X,N/A,B,NO,NO,NO,
LICHTENBURG,LTX0000,15/05/24,934,2252,900,1000,N/A,YES,TRE004,N/A,N/A,X,B,NO,NO,YES,
LICHTENBURG,LTX0000,15/05/24,1097,2253,1000,1900,16/07/24,YES,TRC001,N/A,X,N/A,B,NO,NO,NO,
LICHTENBURG,LTX0000,16/05/24,1098,2254,1000,9150,05/08/24,YES,TRB004,N/A,X,N/A,B,NO,NO,NO,
LICHTENBURG,LTX0000,16/05/24,1099,2255,1000,8400,05/08/24,YES,TRB004,N/A,X,N/A,B,NO,NO,NO,
LICHTENBURG,LTX0000,16/05/24,886,2256,1000,0,N/A,YES,TRE041,X,N/A,N/A,B,NO,NO,NO,
LICHTENBURG,LTX0000,20/05/24,1100,2257,20550,0,20/08/24,YES,TR012,N/A,N/A,X,B,NO,NO,NO,
LICHTENBURG,LTX0000,22/05/24,1101,2258,2000,4650,14/08/24,YES,TRS061,N/A,X,N/A,B,YES,NO,NO,
LICHTENBURG,LTX0000,22/05/24,1102,2259,6500,2500,16/09/24,YES,TRB004,N/A,X,N/A,B,NO,NO,NO,
LICHTENBURG,LTX0000,23/05/24,1103,2260,8900,0,22/08/24,YES,TRS045,N/A,N/A,X,B,NO,NO,NO,
LICHTENBURG,LTX0000,23/05/24,1104,2261,1000,7300,25/05/24,YES,TRB019,N/A,N/A,X,B,YES,NO,NO,
LICHTENBURG,LTX0000,24/05/24,1101,2262,1000,3650,14/08/24,YES,TRS061,N/A,X,N/A,B,YES,NO,NO,
LICHTENBURG,LTX0000,24/05/24,1104,2263,7300,0,25/05/24,YES,TRB019,N/A,N/A,X,B,YES,NO,NO,
LICHTENBURG,LTX0000,24/05/24,1105,2264,2000,33400,N/A,YES,TRE044,N/A,N/A,X,B,NO,NO,NO,
LICHTENBURG,LTX0000,27/05/24,1027,2265,500,0,N/A,YES,TRB006,N/A,X,N/A,B,NO,NO,NO,
LICHTENBURG,LTX0000,27/05/24,1097,2266,500,1400,N/A,YES,TRC001,N/A,X,N/A,B,NO,NO,NO,
LICHTENBURG,LTX0000,27/05/24,1024,2267,2400,7200,N/A,YES,TRB015,N/A,X,N/A,B,NO,NO,NO,
LICHTENBURG,LTX0000,27/05/24,1106,2268,1000,5800,N/A,YES,TRC003,N/A,N/A,X,B,NO,NO,NO,
LICHTENBURG,LTX0000,27/05/24,1034,2269,1000,0,N/A,YES,TRB015,N/A,X,N/A,B,NO,NO,NO,
LICHTENBURG,LTX0000,28/05/24,1107,2270,3000,6000,N/A,YES,TRS029,N/A,N/A,N/A,B,NO,NO,NO,
LICHTENBURG,LTX0000,29/05/24,1108,2271,12750,0,01/06/24,YES,TRE017,N/A,N/A,X,B,NO,NO,NO,
LICHTENBURG,LTX0000,30/05/24,1041,2272,1000,2000,N/A,YES,TRB004,N/A,N/A,X,B,NO,NO,YES,
LICHTENBURG,LTX0000,30/05/24,1054,2273,1000,23800,N/A,YES,TRE041,N/A,N/A,X,B,NO,NO,NO,
LICHTENBURG,LTX0000,30/05/24,1109,2274,4500,4500,N/A,YES,TRB015,N/A,X,N/A,B,NO,NO,NO,
LICHTENBURG,LTX0000,30/05/24,1044,2275,1600,2500,N/A,YES,TRS046,N/A,X,N/A,B,NO,NO,NO,
LICHTENBURG,LTX0000,01/06/24,1110,2276,6110,6110,08/06/24,YES,TRS061,N/A,N/A,X,B,YES,P,NO,
LICHTENBURG,LTX0000,01/06/24,1068,2277,1000,2300,N/A,YES,TRB002,N/A,X,N/A,B,NO,NO,NO,
LICHTENBURG,LTX0000,04/06/24,1054,2278,1000,22800,N/A,YES,TRE041,N/A,N/A,X,B,NO,NO,NO,
LICHTENBURG,LTX0000,04/06/24,993,2279,500,11800,N/A,YES,TRS045,N/A,N/A,X,B,NO,NO,NO,
LICHTENBURG,LTX0000,04/06/24,1099,2280,1000,7400,N/A,YES,TRB004,N/A,X,N/A,B,NO,NO,NO,
LICHTENBURG,LTX0000,04/06/24,1111,2281,27500,0,15/08/24,YES,OWN DESIGN,N/A,N/A,X,B,NO,G,YES,
LICHTENBURG,LTX0000,04/06/24,1089,2282,600,6900,N/A,YES,TRB004,N/A,X,N/A,B,NO,NO,NO,
LICHTENBURG,LTX0000,04/06/24,1112,2283,4900,0,08/06/24,YES,TRS046,N/A,X,N/A,B,YES,NO,NO,
LICHTENBURG,LTX0000,05/06/24,934,2284,1000,0,N/A,YES,TRE004,N/A,N/A,X,B,NO,NO,YES,
LICHTENBURG,LTX0000,05/06/24,1113,2285,8950,0,06/06/24,YES,TRE004,N/A,N/A,X,B,YES,NO,NO,
LICHTENBURG,LTX0000,05/06/24,996,2286,2500,0,11/07/24,YES,TRB004,N/A,X,N/A,B,NO,NO,NO,
LICHTENBURG,LTX0000,05/06/24,1066,2287,1000,4900,N/A,YES,TRS004,N/A,N/A,X,B,NO,NO,NO,
LICHTENBURG,LTX0000,05/06/24,1078,2288,1000,2900,N/A,YES,TRS046,N/A,X,N/A,B,NO,NO,NO,
LICHTENBURG,LTX0000,05/06/24,1114,2289,1800,0,N/A,YES,NO CODE,N/A,X,N/A,B,NO,NO,NO,
LICHTENBURG,LTX0000,06/06/24,1115,2290,4500,0,N/A,YES,TRB006,N/A,X,N/A,B,NO,NO,NO,
LICHTENBURG,LTX0000,06/06/24,998,2291,1500,1300,N/A,YES,OWN DESIGN,N/A,N/A,X,B,NO,NO,NO,
LICHTENBURG,LTX0000,07/06/24,1110,2292,4820,0,08/06/24,YES,TRS061,N/A,N/A,X,B,YES,P,NO,
LICHTENBURG,LTX0000,07/06/24,1116,2293,9800,0,18/06/24,YES,TRS046,N/A,X,N/A,B,NO,NO,NO,
LICHTENBURG,LTX0000,08/06/24,1117,2294,4000,3400,N/A,YES,TRC11,N/A,N/A,X,B,NO,NO,NO,
LICHTENBURG,LTX0000,10/06/24,1032,2295,1000,2900,N/A,YES,SLAB ONLY,N/A,N/A,N/A,B,NO,NO,YES,
LICHTENBURG,LTX0000,10/06/24,1118,2296,5000,18950,N/A,YES,TRC008,X,N/A,N/A,B,NO,NO,NO,
LICHTENBURG,LTX0000,12/06/24,917,2297,600,850,N/A,YES,TRS061,N/A,X,N/A,B,NO,NO,NO,
LICHTENBURG,LTX0000,12/06/24,976,2298,500,1500,N/A,YES,TRE041,N/A,N/A,X,B,NO,NO,YES,
LICHTENBURG,LTX0000,13/06/24,1119,2299,11500,0,N/A,YES,TRE041,N/A,N/A,X,B,NO,NO,YES,
LICHTENBURG,LTX0000,14/06/24,1055,2300,1800,0,N/A,YES,TRB015,N/A,X,N/A,B,NO,NO,NO,
LICHTENBURG,LTX0000,15/06/24,1120,2301,26700,0,27/08/24,YES,TRS019,N/A,N/A,X,B,NO,NO,NO,
LICHTENBURG,LTX0000,18/06/24,962,2302,11500,700,04/09/24,YES,TRE014,N/A,N/A,X,B,NO,G,YES,
LICHTENBURG,LTX0000,18/0624,1121,2303,9000,0,04/09/24,YES,TRB015,X,N/A,N/A,B,NO,NO,NO,
LICHTENBURG,LTX0000,18/06/24,1061,2304,25000,0,25/06/24,YES,TRE045,N/A,N/A,X,B,YES,NO,YES,
LICHTENBURG,LTX0000,18/06/24,925,2305,2000,8800,N/A,YES,TRE004,N/A,N/A,X,B,NO,NO,NO,
LICHTENBURG,LTX0000,19/06/24,1720,2306,400,800,N/A,YES,TRB004,N/A,X,N/A,B,YES,NO,YES,
LICHTENBURG,LTX0000,24/06/24,1122,2307,8500,450,28/06/24,YES,TRE004,N/A,N/A,X,B,NO,NO,NO,
LICHTENBURG,LTX0000,24/06/24,1123,2308,8530,0,26/09/24,YES,TRE041,N/A,X,N/A,B,NO,NO,NO,
LICHTENBURG,LTX0000,25/06/24,1124,2309,5000,15000,13/09/24,YES,TRE041,N/A,N/A,X,B,NO,NO,YES,
LICHTENBURG,LTX0000,25/06/24,1021,2310,2700,0,N/A,YES,TRE041,N/A,N/A,X,B,NO,NO,NO,
LICHTENBURG,LTX0000,26/06/24,1097,2311,2000,300,N/A,YES,TRC001,N/A,X,N/A,B,NO,NO,NO,
LICHTENBURG,LTX0000,28/06/24,1072,2312,2000,3100,N/A,YES,TRE041,N/A,N/A,X,B,YES,NO,YES,
LICHTENBURG,LTX0000,28/06/24,1122,2313,450,0,28/06/24,YES,TRE004,N/A,N/A,X,B,NO,NO,NO,
LICHTENBURG,LTX0000,28/06/24,1125,2314,53500,0,12/09/24,YES,OWN DESIGN,N/A,N/A,X,B,NO,NO,YES,
LICHTENBURG,LTX0000,29/06/27,1084,2315,600,9900,N/A,YES,TRE041,N/A,N/A,X,B,NO,NO,YES,
LICHTENBURG,LTX0000,29/06/24,1068,2316,1000,1300,N/A,YES,TRB002,N/A,X,N/A,B,NO,NO,NO,
LICHTENBURG,LTX0000,01/07/24,1041,2317,1000,1000,N/A,YES,TRB004,N/A,N/A,X,B,NO,NO,YES,
LICHTENBURG,LTX0000,01/07/24,1031,2318,500,2550,N/A,YES,TRB004,N/A,X,N/A,B,NO,NO,NO,
LICHTENBURG,LTX0000,02/07/24,1089,2319,1000,5900,N/A,YES,TRB004,N/A,X,N/A,B,NO,NO,NO,
LICHTENBURG,LTX0000,02/07/24,1054,2320,1000,12100,N/A,YES,TRE041,N/A,N/A,X,B,NO,NO,NO,
LICHTENBURG,LTX0000,02/07/24,1099,2321,1000,6400,N/A,YES,TRB004,N/A,X,N/A,B,NO,NO,NO,
LICHTENBURG,LTX0000,03/07/24,1043,2322,500,3400,N/A,YES,TRB004,N/A,X,N/A,B,NO,NO,NO,
LICHTENBURG,LTX0000,03/07/24,1126,2323,32200,0,18/07/24,YES,TRE041,N/A,N/A,X,B,NO,NO,YES,
LICHTENBURG,LTX0000,03/07/24,1126,2324,1050,0,18/07/24,YES,TRE042,N/A,N/A,X,B,NO,NO,YES,
LICHTENBURG,LTX0000,03/07/24,1066,2325,500,4400,N/A,YES,TRS004,N/A,N/A,X,B,NO,NO,NO,
LICHTENBURG,LTX0000,03/07/24,993,2326,500,11300,N/A,YES,TRS045,N/A,N/A,X,B,NO,NO,NO,
LICHTENBURG,LTX0000,03/07/24,1127,2327,10700,0,06/07/24,YES,TRB008,N/A,N/A,X,B,YES,NO,YES,
LICHTENBURG,LTX0000,03/07/24,1128,2328,1000,10500,06/07/24,YES,TRB008,N/A,N/A,X,B,YES,NO,YES,
LICHTENBURG,LTX0000,03/07/24,1078,2329,1000,1900,N/A,YES,TRS046,N/A,X,N/A,B,NO,NO,NO,
LICHTENBURG,LTX0000,04/07/24,1129,2330,11500,0,30/09724,YES,TRE041,N/A,N/A,X,B,NO,NO,YES,
LICHTENBURG,LTX0000,04/07/24,1130,2331,4000,7500,30/07/24,YES,TRE042,N/A,N/A,X,B,NO,NO,YES,
LICHTENBURG,LTX0000,04/07/24,1032,2332,1000,1900,N/A,YES,SLAB ONLY,N/A,N/A,N/A,B,NO,NO,YES,
LICHTENBURG,LTX0000,04/07/24,1045,2333,3200,0,N/A,YES,TRC006,N/A,N/A,N/A,B,NO,NO,NO,
LICHTENBURG,LTX0000,05/07/24,1067,2334,1200,0,N/A,YES,TRS004,N/A,X,N/A,B,NO,NO,NO,
LICHTENBURG,LTX0000,05/07/24,1072,2335,1000,2100,N/A,YES,TRB008,N/A,X,N/A,B,NO,NO,NO,
LICHTENBURG,LTX0000,05/07/24,1063,2336,1000,2500,N/A,YES,TRB004,N/A,N/A,X,B,NO,NO,YES,
LICHTENBURG,LTX0000,05/07/24,1131,2337,4500,0,06/07/24,YES,TRB015,N/A,X,N/A,B,YES,NO,NO,
LICHTENBURG,LTX0000,05/07/24,1107,2338,500,5500,N/A,YES,TRS029,N/A,N/A,N/A,B,NO,NO,NO,
LICHTENBURG,LTX0000,05/07/24,917,2339,850,0,N/A,YES,TRS061,N/A,X,N/A,B,NO,NO,NO,
LICHTENBURG,LTX0000,05/07/24,1087,2340,1500,5800,N/A,YES,TRB004,N/A,X,N/A,B,NO,NO,NO,
LICHTENBURG,LTX0000,05/06/24,1006,2341,1500,1000,N/A,YES,TRB015,N/A,X,N/A,B,NO,NO,NO,
LICHTENBURG,LTX0000,05/07/24,1128,2342,10500,0,06/07/24,YES,TRE041,N/A,N/A,X,B,YES,NO,YES,
LICHTENBURG,LTX0000,05/07/24,1130,2343,2000,5500,30/07/24,YES,TRE042,N/A,N/A,X,B,NO,NO,YES,
LICHTENBURG,LTX0000,05/07/24,1132,2344,2000,1600,N/A,YES,TRE041,X,N/A,N/A,B,NO,NO,NO,
LICHTENBURG,LTX0000,08/07/24,1134,2345,1000,21400,N/A,YES,TRE041,N/A,N/A,X,B,NO,NO,YES,
LICHTENBURG,LTX0000,08/07/24,1133,2346,11500,0,13/07/24,YES,TRE041,N/A,N/A,X,B,NO,NO,YES,
LICHTENBURG,LTX0000,09/07/24,1118,2347,10000,8950,N/A,YES,TRC008,X,N/A,N/A,B,NO,NO,NO,
LICHTENBURG,LTX0000,09/07/24,1135,2348,9000,0,13/07/24,YES,TRS046,N/A,N/A,X,B,YES,NO,NO,
LICHTENBURG,LTX0000,10/07/24,1137,2349,2500,2400,N/A,YES,TRB006,N/A,X,N/A,B,NO,NO,NO,
LICHTENBURG,LTX0000,10/07/24,1138,2350,4500,0,N/A,YES,TRB015,N/A,X,N/A,B,NO,NO,NO,
LICHTENBURG,LTX0000,11/07/24,1139,2351,4900,0,13/07/24,YES,TRB015,N/A,X,N/A,B,YES,NO,NO,
LICHTENBURG,LTX0000,11/07/24,1140,2352,1000,3900,N/A,YES,TRC11,N/A,X,N/A,B,NO,NO,NO,
LICHTENBURG,LTX0000,12/07/24,1141,2353,23000,0,31/07/24,YES,TRB012,N/A,N/A,X,B,NO,G,YES,
LICHTENBURG,LTX0000,12/07/24,1142,2354,2000,8700,10/09/24,YES,TRE011,N/A,N/A,X,B,NO,NO,NO,
LICHTENBURG,LTX0000,13/07/24,1117,2355,1000,2400,N/A,YES,TRC11,N/A,N/A,X,B,NO,NO,NO,
LICHTENBURG,LTX0000,13/07/24,1068,2356,1300,0,06/08/24,YES,TRB002,N/A,X,N/A,B,NO,NO,NO,
LICHTENBURG,LTX0000,15/07/24,1143,2357,1000,12750,N/A,YES,TRE012,N/A,N/A,X,B,NO,NO,NO,
LICHTENBURG,LTX0000,16/07/24,1144,2358,6000,0,20/07/24,YES,TRS004,N/A,X,N/A,B,YES,NO,NO,
LICHTENBURG,LTX0000,16/07/24,1145,2359,4900,0,20/07/24,YES,TRB012,N/A,X,N/A,B,YES,NO,NO,
LICHTENBURG,LTX0000,17/07/24,862,2360,2700,0,N/A,YES,TRE041,X,N/A,N/A,B,NO,NO,NO,
LICHTENBURG,LTX0000,18/07/24,1146,2361,28500,0,20/07/24,YES,TRE004,N/A,N/A,X,B,YES,NO,YES,
LICHTENBURG,LTX0000,19/07/24,1137,2362,2400,0,N/A,YES,TRB006,N/A,X,N/A,B,NO,NO,NO,
LICHTENBURG,LTX0000,22/07/24,1147,2363,8900,8900,02/10/24,YES,TRB015,X,N/A,N/A,B,NO,NO,NO,
LICHTENBURG,LTX0000,22/07/24,997,2364,80,0,24/07/24,YES,TRD006,X,N/A,N/A,B,NO,NO,NO,
LICHTENBURG,LTX0000,23/07/24,1148,2365,16400,0,27/07/24,YES,TRE004,N/A,N/A,X,B,YES,NO,YES,
LICHTENBURG,LTX0000,23/07/24,1149,2366,1500,1500,02/10/24,YES,TRB015,X,N/A,N/A,B,NO,NO,NO,
LICHTENBURG,LTX0000,25/07/24,1150,2367,11500,0,27/07/24,YES,TRE041,N/A,N/A,X,B,YES,NO,YES,
LICHTENBURG,LTX0000,25/07/24,1151,2368,12000,0,09/10/24,YES,TRE041,N/A,X,N/A,B,NO,NO,NO,
LICHTENBURG,LTX0000,25/07/24,1152,2369,11500,0,28/07/24,YES,TRE041,N/A,N/A,X,B,YES,NO,YES,
LICHTENBURG,LTX0000,25/07/24,1153,2370,10900,0,04/10/24,YES,TRE041,N/A,X,N/A,B,NO,NO,NO,
LICHTENBURG,LTX0000,25/07/24,1154,2371,4500,0,26/07/24,YES,TRB004,N/A,X,N/A,B,NO,NO,NO,
LICHTENBURG,LTX0000,26/07/24,1155,2372,4900,0,N/A,YES,TRB015,N/A,X,N/A,B,NO,NO,NO,
LICHTENBURG,LTX0000,27/07/24,1156,2373,2000,1800,N/A,NO,TRS061,X,N/A,N/A,B,NO,NO,NO,
LICHTENBURG,LTX0000,27/07/24,1157,2374,3000,0,N/A,NO,NO ENTRY,NO ENTRY,NO ENTRY,NO ENTRY,NO ENTRY,NO ENTRY,NO ENTRY,NO ENTRY,
LICHTENBURG,LTX0000,29/07/24,1026,2375,500,2500,N/A,YES,TRS047,N/A,N/A,X,B,NO,NO,NO,
LICHTENBURG,LTX0000,30/07/24,1158,2376,4500,0,N/A,YES,TRB004,N/A,X,N/A,B,NO,NO,NO,
LICHTENBURG,LTX0000,30/07/24,1159,2377,4500,0,03/08/24,YES,TRB004,N/A,X,N/A,B,YES,NO,NO,
LICHTENBURG,LTX0000,30/07/24,1160,2378,4900,0,30/08/24,YES,TRS046,N/A,X,N/A,B,YES,NO,NO,
LICHTENBURG,LTX0000,30/07/24,1149,2379,1000,500,N/A,YES,TRB015,X,N/A,N/A,B,NO,NO,NO,
LICHTENBURG,LTX0000,31/07/24,1161,2380,4500,0,N/A,YES,TRB015,N/A,X,N/A,B,NO,NO,NO,
LICHTENBURG,LTX0000,31/07/24,1162,2381,5000,7000,N/A,YES,TRS061,N/A,X,N/A,B,NO,NO,NO,
LICHTENBURG,LTX0000,01/08/24,1054,2382,1000,11000,N/A,YES,TRE041,N/A,N/A,X,B,NO,NO,NO,
LICHTENBURG,LTX0000,02/08/24,1139,2383,500,290,N/A,YES,TRB015,N/A,X,N/A,B,YES,NO,NO,
LICHTENBURG,LTX0000,02/08/24,1130,2384,2000,3500,N/A,YES,TRE042,N/A,N/A,X,B,NO,NO,YES,
LICHTENBURG,LTX0000,02/08/24,1149,2385,3500,0,N/A,YES,TRB015,X,N/A,N/A,B,NO,NO,NO,
LICHTENBURG,LTX0000,02/08/24,993,2386,500,10800,N/A,YES,TRS045,N/A,N/A,X,B,NO,NO,NO,
LICHTENBURG,LTX0000,02/08/24,1044,2387,500,2000,N/A,YES,TRS046,N/A,X,N/A,B,NO,NO,NO,
LICHTENBURG,LTX0000,03/08/24,1163,2388,1000,6500,N/A,YES,TRE041,N/A,X,N/A,B,NO,NO,NO,
LICHTENBURG,LTX0000,05/08/24,1720,2389,400,400,N/A,YES,TRB004,N/A,X,N/A,B,YES,NO,YES,
LICHTENBURG,LTX0000,05/08/24,1066,2390,500,3900,N/A,YES,TRS004,N/A,N/A,X,B,NO,NO,NO,
LICHTENBURG,LTX0000,05/08/24,1031,2391,500,2050,N/A,YES,TRB004,N/A,X,N/A,B,NO,NO,NO,
LICHTENBURG,LTX0000,05/08/24,1099,2392,1000,5400,N/A,YES,TRB004,N/A,X,N/A,B,NO,NO,NO,
LICHTENBURG,LTX0000,06/08/24,1069,2393,1000,0,N/A,YES,TRC002,X,N/A,N/A,B,NO,NO,NO,
LICHTENBURG,LTX0000,06/08/24,1164,2394,4500,0,N/A,YES,TRB015,N/A,X,N/A,B,NO,NO,NO,
LICHTENBURG,LTX0000,07/08/24,1165,2395,4000,0,N/A,YES,TRS019,X,N/A,N/A,B,YES,NO,NO,
LICHTENBURG,LTX0000,08/08/24,1072,2396,2100,0,N/A,YES,TRB008,N/A,N/A,X,B,NO,NO,YES,
LICHTENBURG,LTX0000,08/08/24,1166,2397,11500,0,N/A,YES,TRE041,N/A,N/A,X,B,NO,NO,YES,
LICHTENBURG,LTX0000,08/08/24,1167,2398,3000,1000,N/A,YES,TRS061,X,N/A,N/A,B,NO,NO,NO,
LICHTENBURG,LTX0000,08/08/24,1101,2399,1000,2650,N/A,YES,TRS061,N/A,X,N/A,B,YES,NO,NO,
LICHTENBURG,LTX0000,08/08/24,1169,2400,10700,0,N/A,YES,TRS045,N/A,N/A,X,B,NO,NO,YES,
LICHTENBURG,LTX0000,08/08/24,1166,2401,2500,2000,N/A,NO,TRE041,N/A,N/A,X,B,NO,NO,YES,
LICHTENBURG,LTX0000,08/08/24,1170,2402,600,0,N/A,YES,N/A,N/A,N/A,N/A,B,NO,NO,NO,
LICHTENBURG,LTX0000,10/08/24,1166,2403,2000,0,N/A,NO,TRE041,N/A,N/A,X,B,NO,NO,YES,
LICHTENBURG,LTX0000,10/08/24,1098,2404,4000,5150,N/A,YES,TRB004,N/A,X,N/A,B,NO,NO,NO,
LICHTENBURG,LTX0000,13/08/24,1132,2405,1600,0,N/A,YES,TRE041,X,N/A,N/A,B,NO,NO,NO,
LICHTENBURG,LTX0000,15/08/24,1171,2406,9680,0,N/A,YES,TRB019,N/A,N/A,X,B,YES,NO,NO,
LICHTENBURG,LTX0000,16/08/24,1172,2407,3000,6400,N/A,YES,TRB019,N/A,X,N/A,B,NO,NO,NO,
LICHTENBURG,LTX0000,16/08/24,1173,2408,8500,400,N/A,YES,TRS050,N/A,N/A,X,B,NO,NO,NO,
LICHTENBURG,LTX0000,16/08/24,1143,2409,1000,11750,N/A,YES,TRE012,N/A,N/A,X,B,NO,NO,NO,
LICHTENBURG,LTX0000,19/08/24,1174,2310,11300,0,N/A,NO,OWN DESIGN,N/A,N/A,X,B,NO,NO,YES,
LICHTENBURG,LTX0000,19/08/24,1117,2311,1200,1200,N/A,YES,TRC11,N/A,N/A,X,B,NO,NO,NO,
LICHTENBURG,LTX0000,19/08/24,1173,2312,400,0,N/A,YES,TRS050,N/A,N/A,X,B,NO,NO,NO,
LICHTENBURG,LTX0000,20/08/24,1046,2313,1200,250,N/A,YES,TRS004,N/A,X,N/A,B,NO,NO,NO,
LICHTENBURG,LTX0000,20/08/24,1175,2314,10700,0,N/A,YES,TRB017,N/A,N/A,X,B,YES,NO,YES,
LICHTENBURG,LTX0000,21/08/24,1177,2315,5000,12900,N/A,YES,TRB006,N/A,N/A,X,B,NO,NO,YES,
LICHTENBURG,LTX0000,22/08/24,1176,2316,1150,0,N/A,YES,TRE041,N/A,N/A,X,B,YES,NO,YES,
LICHTENBURG,LTX0000,22/08/24,1178,2317,4000,0,N/A,YES,TRE041,X,N/A,N/A,B,YES,NO,NO,
LICHTENBURG,LTX0000,24/08/24,1179,2318,2000,3000,N/A,YES,TRS046,N/A,X,N/A,B,NO,NO,NO,
LICHTENBURG,LTX0000,24/08/24,1180,2319,2000,9500,N/A,YES,TRE041,N/A,N/A,X,B,NO,NO,YES,
LICHTENBURG,LTX0000,27/08/24,1011,2320,4000,4000,N/A,YES,TRB006,N/A,X,N/A,B,NO,NO,NO,
LICHTENBURG,LTX0000,27/08/24,1140,2321,1000,2900,N/A,YES,TRE041,X,N/A,N/A,B,YES,NO,NO,
LICHTENBURG,LTX0000,28/08/24,1162,2322,2000,5000,N/A,YES,TRS061,N/A,X,N/A,B,NO,NO,NO,
LICHTENBURG,LTX0000,29/08/24,1041,2323,1000,0,N/A,YES,TRB004,N/A,N/A,X,B,NO,NO,YES,
LICHTENBURG,LTX0000,29/08/24,1097,2324,300,0,N/A,YES,TRC001,N/A,X,N/A,B,NO,NO,NO,
LICHTENBURG,LTX0000,30/08/24,1181,2425,3000,4150,28/11/24,YES,TRB006,N/A,X,N/A,B,NO,NO,YES,
LICHTENBURG,LTX0000,31/08/24,1182,2426,0,0,28/10/24,YES,TRB015,X,N/A,N/A,B,NO,NO,NO,
LICHTENBURG,LTX0000,31/08/24,1183,2427,6800,0,10/10/24,YES,TRC001,N/A,N/A,X,B,NO,NO,NO,
LICHTENBURG,LTX0000,03/09/24,1180,2428,2000,7500,N/A,YES,TRE041,N/A,N/A,X,B,NO,NO,YES,
LICHTENBURG,LTX0000,08/09/24,1089,2429,800,5100,N/A,YES,TRB004,N/A,X,N/A,B,NO,NO,NO,
LICHTENBURG,LTX0000,03/09/24,1024,2430,7200,0,N/A,YES,TRB015,N/A,X,N/A,B,NO,NO,NO,
LICHTENBURG,LTX0000,03/09/24,1087,2431,2000,3800,N/A,YES,TRB004,N/A,X,N/A,B,NO,NO,NO,
LICHTENBURG,LTX0000,04/09/24,993,2432,500,10300,N/A,YES,TRS045,N/A,N/A,X,B,NO,NO,NO,
LICHTENBURG,LTX0000,04/09/24,1066,2433,500,3400,N/A,YES,TRS004,N/A,N/A,X,B,NO,NO,NO,
LICHTENBURG,LTX0000,05/09/24,1184,2434,11500,0,07/09/24,YES,TRE041,N/A,N/A,X,B,YES,NO,YES,
LICHTENBURG,LTX0000,05/09/24,1032,2435,1900,0,25/09/24,YES,SLAB ONLY,N/A,N/A,N/A,B,NO,NO,YES,
LICHTENBURG,LTX0000,05/09/24,1185,2436,2000,1000,09/09/24,YES,TRB015,N/A,X,N/A,B,NO,NO,NO,
LICHTENBURG,LTX0000,05/09/24,1186,2437,3000,13000,N/A,YES,TRE041,N/A,N/A,X,B,NO,NO,YES,
LICHTENBURG,LTX0000,05/09/24,1147,2438,1000,7900,N/A,YES,TRE007,N/A,N/A,X,B,NO,NO,NO,
LICHTENBURG,LTX0000,06/09/24,1187,2439,1000,3500,N/A,YES,TRB015,N/A,X,N/A,B,NO,NO,NO,
LICHTENBURG,LTX0000,06/09/24,1118,2440,4000,9000,N/A,YES,TRC008,X,N/A,N/A,B,NO,NO,NO,
LICHTENBURG,LTX0000,06/09/24,1188,2441,17200,0,24/10/24,YES,TRS046,N/A,N/A,X,B,NO,NO,NO,
LICHTENBURG,LTX0000,07/09/24,1179,2442,1500,1500,N/A,YES,TRS046,N/A,X,N/A,B,NO,NO,NO,
LICHTENBURG,LTX0000,09/09/24,1189,2443,1500,1400,N/A,YES,TRC001,X,N/A,N/A,B,NO,NO,NO,
LICHTENBURG,LTX0000,10/09/24,1190,2444,3000,1900,N/A,YES,TRS046,N/A,X,N/A,B,NO,NO,NO,
LICHTENBURG,LTX0000,10/09/24,976,2445,1500,0,22/10/24,YES,TRE041,N/A,N/A,X,B,NO,NO,YES,
LICHTENBURG,LTX0000,11/09/24,1190,2446,1900,0,27/09/24,YES,TRS046,N/A,X,N/A,B,NO,NO,NO,
LICHTENBURG,LTX0000,11/09/24,1130,2447,1500,2000,N/A,YES,TRE042,N/A,N/A,X,B,NO,NO,YES,
LICHTENBURG,LTX0000,12/09/24,1117,2448,1200,0,14/11/24,YES,TRC11,N/A,N/A,X,B,NO,NO,NO,
LICHTENBURG,LTX0000,12/09/24,1191,2449,11380,0,03/10/24,YES,TRB012,N/A,N/A,X,B,NO,NO,YES,
LICHTENBURG,LTX0000,12/09/24,1189,2450,1400,0,N/A,YES,TRC001,X,N/A,N/A,B,NO,NO,NO,
LICHTENBURG,LTX0000,14/09/24,1185,2451,2900,0,N/A,YES,TRB015,N/A,X,N/A,B,NO,NO,NO,
LICHTENBURG,LTX0000,16/09/24,1173,2452,1800,0,N/A,YES,TRS050,N/A,N/A,X,B,NO,NO,NO,
LICHTENBURG,LTX0000,16/09/24,1192,2453,4900,0,21/09/24,YES,TRB015,N/A,X,N/A,B,YES,NO,NO,
LICHTENBURG,LTX0000,16/09/24,1193,2454,11440,0,24/10/24,NO,TRE004,N/A,N/A,X,B,NO,NO,NO,
LICHTENBURG,LTX0000,18/09/24,1194,2455,11500,0,20/09/24,YES,TRE041,N/A,N/A,X,B,NO,NO,YES,
LICHTENBURG,LTX0000,18/09/24,1195,2456,3800,0,N/A,YES,TRC002,N/A,X,N/A,B,NO,NO,NO,
LICHTENBURG,LTX0000,19/09/24,1098,2457,900,3100,N/A,YES,TRB004,N/A,X,N/A,B,NO,NO,NO,
LICHTENBURG,LTX0000,25/09/24,992,2458,2000,2300,N/A,YES,TRB008,N/A,N/A,X,B,NO,NO,NO,
LICHTENBURG,LTX0000,25/09/24,1084,2459,1000,8900,N/A,YES,TRE041,N/A,N/A,X,B,NO,NO,YES,
LICHTENBURG,LTX0000,26/09/24,1196,2460,10000,3750,N/A,YES,TRE012,N/A,N/A,X,B,NO,NO,NO,
LICHTENBURG,LTX0000,26/09/24,1197,2461,1000,17510,18/10/24,YES,TRE010,N/A,N/A,X,B,NO,NO,YES,
LICHTENBURG,LTX0000,26/09/24,1198,2462,16080,0,N/A,YES,TRS050,X,N/A,N/A,B,NO,NO,NO,
LICHTENBURG,LTX0000,26/09/24,1200,2463,11500,0,N/A,YES,TRE041,N/A,N/A,X,B,NO,NO,YES,
LICHTENBURG,LTX0000,27/09/24,1199,2464,16100,0,12/11/24,YES,TRE041,N/A,N/A,X,B,NO,NO,YES,
LICHTENBURG,LTX0000,27/09/24,1197,2465,17510,0,18/10/24,YES,TRE010,N/A,N/A,X,B,YES,NO,YES,
LICHTENBURG,LTX0000,30/09/24,1044,2466,500,200,N/A,YES,TRS046,N/A,X,N/A,B,NO,NO,NO,
LICHTENBURG,LTX0000,01/10/24,1142,2467,1000,7700,N/A,YES,TRE011,N/A,N/A,X,B,NO,NO,NO,
LICHTENBURG,LTX0000,01/10/24,1162,2468,2500,2500,N/A,YES,TRS061,N/A,X,N/A,B,NO,NO,NO,
LICHTENBURG,LTX0000,02/10/24,1139,2469,290,0,N/A,YES,TRB015,N/A,X,N/A,B,YES,NO,NO,
LICHTENBURG,LTX0000,02/10/24,1201,2470,12000,0,05/10/24,YES,TRE041,N/A,N/A,X,B,YES,NO,YES,
LICHTENBURG,LTX0000,02/10/24,1201,2471,2000,9100,N/A,YES,TRE042,N/A,N/A,X,B,YES,NO,YES,
LICHTENBURG,LTX0000,02/10/24,1099,2472,1400,4000,N/A,YES,TRB004,N/A,X,N/A,B,NO,NO,NO,
LICHTENBURG,LTX0000,03/10/24,1054,2473,500,8600,N/A,YES,TRE041,N/A,N/A,X,B,NO,NO,NO,
LICHTENBURG,LTX0000,03/10/24,993,2474,500,7800,N/A,YES,TRS045,N/A,N/A,X,B,NO,NO,NO,
LICHTENBURG,LTX0000,03/10/24,1202,2475,16000,0,11/11/24,YES,TRS004,N/A,X,N/A,B,NO,NO,NO,
LICHTENBURG,LTX0000,04/10/24,1101,2476,1200,1450,N/A,YES,TRS061,N/A,X,N/A,B,YES,NO,NO,
LICHTENBURG,LTX0000,04/10/24,1203,2477,1300,4700,02/02/25,YES,TRE041,N/A,X,N/A,B,NO,NO,NO,
LICHTENBURG,LTX0000,04/10/24,1180,2478,2000,5500,N/A,YES,TRE041,N/A,N/A,X,B,NO,NO,YES,
LICHTENBURG,LTX0000,04/10/24,1130,2479,1000,1000,N/A,YES,TRE042,N/A,N/A,X,B,NO,NO,YES,
LICHTENBURG,LTX0000,04/10/24,1204,2480,4900,0,05/10/24,YES,TRB015,N/A,X,N/A,B,YES,NO,NO,
LICHTENBURG,LTX0000,05/10/24,1043,2481,500,2900,N/A,YES,TRB004,N/A,X,N/A,B,NO,NO,NO,
LICHTENBURG,LTX0000,05/10/24,1006,2482,1000,0,N/A,YES,TRB015,N/A,X,N/A,B,NO,NO,NO,
LICHTENBURG,LTX0000,05/10/24,1179,2483,1500,0,N/A,YES,TRS046,N/A,X,N/A,B,NO,NO,NO,
LICHTENBURG,LTX0000,07/10/24,1205,2484,3000,7550,10/02/25,YES,TRS061,N/A,N/A,X,B,NO,NO,NO,
LICHTENBURG,LTX0000,07/10/24,1206,2485,6700,0,12/11/24,YES,TRS046,N/A,X,N/A,B,NO,NO,YES,
LICHTENBURG,LTX0000,07/10/24,1187,2486,1000,2500,N/A,YES,TRB015,N/A,X,N/A,B,NO,NO,NO,
LICHTENBURG,LTX0000,07/10/24,1031,2487,500,1550,N/A,YES,TRB004,N/A,X,N/A,B,NO,NO,NO,
LICHTENBURG,LTX0000,07/10/24,1207,2488,5000,0,20/11/24,YES,TRB015,N/A,X,N/A,B,NO,NO,NO,
LICHTENBURG,LTX0000,07/10/24,1208,2489,41800,0,02/11/24,YES,TRE041,N/A,N/A,X,B,NO,NO,YES,
LICHTENBURG,LTX0000,07/10/24,1098,2490,1500,1600,N/A,YES,TRB004,N/A,X,N/A,B,NO,NO,NO,
LICHTENBURG,LTX0000,08/10/24,1107,2491,500,5000,N/A,YES,TRS029,N/A,N/A,N/A,B,NO,NO,NO,
LICHTENBURG,LTX0000,08/10/24,1209,2492,3800,0,11/10/24,YES,TRC002,N/A,X,N/A,B,NO,NO,NO,
LICHTENBURG,LTX0000,08/10/24,1046,2493,250,0,11/11/24,YES,TRS004,N/A,X,N/A,B,NO,NO,NO,
LICHTENBURG,LTX0000,08/10/24,1210,2494,6550,0,N/A,YES,N/A,N/A,N/A,X,B,NO,NO,NO,
LICHTENBURG,LTX0000,08/10/24,1172,2495,3000,3400,19/11/24,YES,TRB019,N/A,X,N/A,B,NO,NO,NO,
LICHTENBURG,LTX0000,08/10/24,1011,2496,4000,0,N/A,YES,TRB006,N/A,X,N/A,B,NO,NO,NO,
LICHTENBURG,LTX0000,10/10/24,1211,2497,12000,0,12/10/24,YES,TRE041,N/A,N/A,X,B,YES,NO,YES,
LICHTENBURG,LTX0000,11/10/24,1172,2498,3400,0,19/11/24,YES,TRB019,N/A,X,N/A,B,NO,NO,NO,
LICHTENBURG,LTX0000,11/10/24,1177,2499,16500,0,18/11/24,YES,TRB006,N/A,N/A,X,B,NO,NO,YES,
LICHTENBURG,LTX0000,11/10/24,1212,2500,3000,2900,27/01/25,YES,TRB015,N/A,X,N/A,B,NO,NO,NO,
LICHTENBURG,LTX0000,12/10/24,1117,2501,1300,0,N/A,YES,TRC11,N/A,N/A,X,B,NO,NO,NO,
LICHTENBURG,LTX0000,14/10/24,1213,2502,1500,1500,27/01/25,YES,TRB004,X,N/A,N/A,B,NO,NO,NO,
LICHTENBURG,LTX0000,15/10/24,1214,2503,4900,0,22/11/24,YES,TRB004,N/A,X,N/A,B,NO,NO,NO,
LICHTENBURG,LTX0000,16/10/24,1215,2504,10000,1500,19/10/24,YES,TRE041,N/A,N/A,X,B,YES,NO,YES,
LICHTENBURG,LTX0000,16/10/24,1216,2505,4050,0,16/10/24,YES,TRC002,N/A,X,N/A,B,YES,NO,NO,
LICHTENBURG,LTX0000,17/10/24,1215,2506,1500,0,19/10/24,YES,TRE041,N/A,N/A,X,B,YES,NO,YES,
LICHTENBURG,LTX0000,17/10/24,1143,2507,1000,10750,N/A,YES,TRE012,N/A,N/A,X,B,NO,NO,NO,
LICHTENBURG,LTX0000,18/10/24,1215,2508,1800,0,19/10/24,YES,TRE041,N/A,N/A,X,B,YES,NO,YES,
LICHTENBURG,LTX0000,18/10/24,1180,2509,2000,3500,N/A,YES,TRE041,N/A,N/A,X,B,NO,NO,YES,
LICHTENBURG,LTX0000,19/10/24,1217,2510,6000,20000,N/A,YES,TRD005,N/A,N/A,X,B,NO,NO,NO,
LICHTENBURG,LTX0000,23/10/24,1186,2511,4500,0,20/11/24,YES,TRE041,N/A,N/A,X,B,NO,NO,YES,
LICHTENBURG,LTX0000,24/10/24,1218,2512,2900,1240,14/11/24,YES,TRC002,N/A,X,N/A,B,NO,NO,NO,
LICHTENBURG,LTX0000,24/10/24,1219,2513,1000,11000,26/10/24,YES,TRE041,N/A,N/A,X,B,YES,NO,YES,
LICHTENBURG,LTX0000,25/10/24,1219,2514,1000,10000,26/10/24,YES,TRE041,N/A,N/A,X,B,YES,NO,YES,
LICHTENBURG,LTX0000,25/10/24,1218,2515,1240,0,14/11/24,YES,TRC002,N/A,X,N/A,B,NO,NO,NO,
LICHTENBURG,LTX0000,28/10/24,1220,2516,5000,28000,N/A,NO,TRB015,X,N/A,N/A,B,NO,NO,NO,
LICHTENBURG,LTX0000,28/10/24,1213,2517,1500,0,14/11/24,YES,TRB004,X,N/A,N/A,B,NO,NO,NO,
LICHTENBURG,LTX0000,28/10/24,1054,2518,4500,3000,N/A,YES,TRE041,N/A,N/A,X,B,NO,NO,NO,
LICHTENBURG,LTX0000,30/10/24,1221,2519,23000,0,03/12/24,NO,SCROLL,N/A,N/A,X,B,NO,NO,NO,
LICHTENBURG,LTX0000,31/10/24,1222,2521,5000,3300,02/11/24,YES,TRB004,N/A,N/A,N/A,B,YES,NO,NO,
LICHTENBURG,LTX0000,31/10/24,1720,2522,400,0,11/11/24,YES,TRB004,N/A,X,N/A,B,YES,NO,YES,
LICHTENBURG,LTX0000,31/10/24,1162,2523,2500,0,N/A,YES,TRS061,N/A,X,N/A,B,NO,NO,NO,
LICHTENBURG,LTX0000,01/11/24,1180,2524,2000,1500,N/A,YES,TRE041,N/A,N/A,X,B,NO,NO,YES,
LICHTENBURG,LTX0000,01/11/24,1203,2525,1500,3200,N/A,YES,TRE041,N/A,X,N/A,B,NO,NO,NO,
LICHTENBURG,LTX0000,01/11/24,1130,2526,1000,0,N/A,YES,TRE042,N/A,N/A,X,B,NO,NO,YES,
LICHTENBURG,LTX0000,01/11/24,1044,2527,500,1500,N/A,YES,TRS046,N/A,X,N/A,B,NO,NO,NO,
LICHTENBURG,LTX0000,02/11/24,1223,2528,8900,0,N/A,YES,TRB005,N/A,N/A,X,B,NO,NO,NO,
LICHTENBURG,LTX0000,04/11/24,978,2529,2000,0,N/A,YES,N/A,N/A,N/A,N/A,B,NO,NO,NO,
LICHTENBURG,LTX0000,05/11/24,1099,2530,1000,3000,N/A,YES,TRB004,N/A,X,N/A,B,NO,NO,NO,
LICHTENBURG,LTX0000,05/11/24,1217,2531,13000,7000,N/A,YES,TRD005,N/A,N/A,X,B,NO,NO,NO,
LICHTENBURG,LTX0000,05/11/24,993,2532,500,9300,N/A,YES,TRS045,N/A,N/A,X,B,NO,NO,NO,
LICHTENBURG,LTX0000,05/11/24,1224,2533,2500,500,N/A,YES,TRB015,N/A,X,N/A,B,NO,NO,NO,
LICHTENBURG,LTX0000,06/11/24,1219,2534,10000,0,N/A,YES,TRE041,N/A,N/A,X,B,YES,NO,YES,
LICHTENBURG,LTX0000,07/11/24,1087,2535,1000,2800,N/A,YES,TRB004,N/A,X,N/A,B,NO,NO,NO,
LICHTENBURG,LTX0000,07/11/24,1225,2536,1000,5000,N/A,YES,TRE041,N/A,X,N/A,B,NO,NO,NO,
LICHTENBURG,LTX0000,08/11/24,1140,2537,1400,1500,N/A,YES,TRE041,X,N/A,N/A,B,YES,NO,NO,
LICHTENBURG,LTX0000,09/11/24,1226,2538,1000,3000,N/A,YES,TRS004,X,N/A,N/A,B,NO,NO,NO,
LICHTENBURG,LTX0000,09/11/24,1147,2539,500,7400,N/A,YES,TRE007,N/A,N/A,X,B,NO,NO,NO,
LICHTENBURG,LTX0000,09/11/24,1054,2540,3000,0,29/11/24,YES,TRE041,N/A,N/A,X,B,NO,NO,NO,
LICHTENBURG,LTX0000,11/11/24,1227,2541,6000,0,N/A,YES,TRB008,N/A,X,N/A,B,NO,NO,NO,
LICHTENBURG,LTX0000,11/11/24,1228,2542,4750,0,N/A,YES,TRB008,N/A,N/A,X,B,NO,NO,NO,
LICHTENBURG,LTX0000,11/11/24,1167,2543,1000,0,N/A,YES,TRS061,X,N/A,N/A,B,NO,NO,NO,
LICHTENBURG,LTX0000,12/11/24,1089,2544,1100,4000,N/A,YES,TRB004,N/A,X,N/A,B,NO,NO,NO,
LICHTENBURG,LTX0000,12/11/24,1098,2545,1200,400,N/A,YES,TRB004,N/A,X,N/A,B,NO,NO,NO,
LICHTENBURG,LTX0000,12/11/24,1320,2546,10000,2000,N/A,YES,TRB004,X,N/A,N/A,B,NO,NO,NO,
LICHTENBURG,LTX0000,12/11/24,1231,2547,1000,8000,N/A,YES,TRS047,N/A,N/A,X,B,NO,NO,NO,
LICHTENBURG,LTX0000,12/11/24,1232,2548,2000,27480,N/A,YES,TRE069,N/A,N/A,X,B,YES,NO,YES,
LICHTENBURG,LTX0000,12/11/24,1233,2549,8950,0,25/11/24,YES,TRE004,N/A,N/A,X,B,NO,NO,NO,
LICHTENBURG,LTX0000,12/11/24,1230,2550,2000,0,16/11/24,YES,TRE041,N/A,N/A,X,B,YES,NO,YES,
LICHTENBURG,LTX0000,13/11/24,1031,2551,500,1050,N/A,YES,TRB004,N/A,X,N/A,B,NO,NO,NO,
LICHTENBURG,LTX0000,14/11/24,1234,2552,2200,0,15/11/24,YES,OWN DESIGN,X,N/A,N/A,B,YES,NO,NO,
LICHTENBURG,LTX0000,14/11/24,1234,2553,CANCELED,CANCELED,CANCELED,CANCELED,CANCELED,CANCELED,CANCELED,CANCELED,CANCELED,CANCELED,CANCELED,CANCELED,RECEIPT#2553  WAS CANCELED
LICHTENBURG,LTX0000,14/11/24,1232,2554,27960,0,16/11/24,YES,TRE069,N/A,N/A,X,B,YES,NO,YES,
LICHTENBURG,LTX0000,15/11/24,1229,2555,8300,0,16/11/24,YES,TRB010,N/A,N/A,X,B,YES,NO,NO,
LICHTENBURG,LTX0000,15/11/24,1124,2556,6500,9000,28/11/24,YES,TRE041,N/A,N/A,X,B,NO,NO,YES,
LICHTENBURG,LTX0000,16/11/24,1235,2557,10000,15030,N/A,NO,TRE041,N/A,N/A,X,B,NO,G,YES,
LICHTENBURG,LTX0000,16/11/24,1236,2558,3845,0,N/A,NO,TRB011,N/A,X,N/A,B,NO,NO,NO,
LICHTENBURG,LTX0000,18/11/24,1124,2559,9000,0,28/11/24,YES,TRE041,N/A,N/A,X,B,NO,NO,YES,
LICHTENBURG,LTX0000,20/11/24,1137,2560,7800,0,23/11/24,YES,TRB006,N/A,X,N/A,B,NO,NO,NO,
LICHTENBURG,LTX0000,25/11/24,1238,2561,10800,0,02/12/24,YES,TRS017,N/A,N/A,X,B,NO,NO,YES,
LICHTENBURG,LTX0000,25/11/24,1239,2562,5000,0,30/11/24,YES,TRB015,N/A,X,N/A,B,YES,NO,NO,
LICHTENBURG,LTX0000,25/11/24,1240,2563,5000,0,N/A,YES,TRB015,N/A,X,N/A,B,NO,NO,NO,
LICHTENBURG,LTX0000,25/11/24,992,2564,2300,0,N/A,YES,TRB008,N/A,N/A,X,B,NO,NO,NO,
LICHTENBURG,LTX0000,26/11/24,1241,2565,1050,7950,N/A,YES,TRB015,N/A,N/A,N/A,B,NO,NO,NO,
LICHTENBURG,LTX0000,27/11/24,1242,2566,10000,8000,30/11/24,YES,TRE004,N/A,N/A,X,B,YES,NO,YES,
LICHTENBURG,LTX0000,27/11/24,1243,2567,1000,11000,01/12/24,YES,TRE041,N/A,N/A,X,B,YES,NO,YES,
LICHTENBURG,LTX0000,27/11/24,1242,2568,8000,0,30/11/24,YES,TRE004,N/A,N/A,X,B,YES,NO,YES,
LICHTENBURG,LTX0000,29/11/24,1243,2569,11000,0,01/12/24,YES,TRE041,N/A,N/A,X,B,YES,NO,YES,
LICHTENBURG,LTX0000,29/11/24,1244,2570,5000,0,30/11/24,YES,TRB015,N/A,X,N/A,B,YES,NO,NO,
LICHTENBURG,LTX0000,02/12/24,1235,2571,2830,10000,N/A,YES,TRE041,N/A,N/A,X,B,NO,G,YES,
LICHTENBURG,LTX0000,03/12/24,1220,2572,2000,26000,N/A,YES,TRB015,X,N/A,N/A,B,NO,NO,NO,
LICHTENBURG,LTX0000,03/12/24,1224,2573,500,0,N/A,YES,TRB015,N/A,X,N/A,B,NO,NO,NO,
LICHTENBURG,LTX0000,03/12/24,993,2574,500,8800,N/A,YES,TRS045,N/A,N/A,X,B,NO,NO,NO,
LICHTENBURG,LTX0000,03/12/24,1245,2575,10100,0,07/12/24,YES,TRB015,N/A,N/A,X,B,YES,NO,YES,
LICHTENBURG,LTX0000,04/12/24,1099,2576,1000,2000,N/A,YES,TRB004,N/A,X,N/A,B,NO,NO,NO,
LICHTENBURG,LTX0000,04/12/24,1101,2577,1000,450,N/A,YES,TRS061,N/A,X,N/A,B,YES,NO,NO,
LICHTENBURG,LTX0000,05/12/24,1031,2578,500,550,N/A,YES,TRB004,N/A,X,N/A,B,NO,NO,NO,
LICHTENBURG,LTX0000,05/12/24,1078,2579,500,1400,N/A,YES,TRS046,N/A,X,N/A,B,NO,NO,NO,
LICHTENBURG,LTX0000,05/12/24,1066,2580,1000,2400,N/A,YES,TRS004,N/A,N/A,X,B,NO,NO,NO,
LICHTENBURG,LTX0000,09/12/24,1087,2581,1000,1800,N/A,YES,TRB004,N/A,X,N/A,B,NO,NO,NO,
LICHTENBURG,LTX0000,12/12/24,1063,2582,2500,0,N/A,YES,TRB004,N/A,N/A,X,B,NO,NO,YES,
LICHTENBURG,LTX0000,13/12/24,1247,2583,5000,0,21/12/24,YES,TRB015,N/A,X,N/A,B,YES,NO,NO,
LICHTENBURG,LTX0000,14/12/24,1248,2584,2500,500,N/A,YES,TRB015,X,N/A,N/A,B,NO,NO,NO,
LICHTENBURG,LTX0000,18/12/24,1084,2585,4000,4900,N/A,YES,TRE041,N/A,N/A,X,B,NO,NO,YES,
LICHTENBURG,LTX0000,18/12/24,1248,2586,500,0,N/A,YES,TRB015,X,N/A,N/A,B,NO,NO,NO,
LICHTENBURG,LTX0000,19/12/24,1250,2587,12000,250,N/A,YES,TRE041,N/A,N/A,X,B,NO,P,YES,
LICHTENBURG,LTX0000,19/12/24,1250,2588,250,0,N/A,YES,TRE041,N/A,N/A,X,B,NO,P,YES,
LICHTENBURG,LTX0000,19/12/24,1249,2589,5000,0,21/12/24,YES,TRB015,N/A,X,N/A,B,YES,NO,NO,